contract address,token name,symbol,image url,token website,token email,short description,long description,public note,blog,github,reddit,telegram,slack,wechat,facebook,linkedin,x(twitter),discord,bitcointalk,whitepaper,ticketing,opensea,coingecko ticker,coinmarketcap ticker,project name
0xfb9Fed8cB962548A11fE7F6F282949061395c7F5,Nuon,NUON,https://cdn.kleros.link/ipfs/QmbtaJoV48rDKPT8QSfeWVsdpsjsL6EZaYv41gZ2NewDrq/nuon-token-circle-black.png,,,,,,,,,,,,,,,,,,,,,,Nuon
0xDC8184ba488e949815d4AAfb35B3c56ad03B4179,Roseon,ROSX,https://cdn.kleros.link/ipfs/QmY2DNDMBW5Caf1bZUkoTnGhxNZhfEEZ2pQ7KSfRQN7z7C/roseon-symbol.png,,,,,,,,,,,,,,,,,,,,,,Roseon
0xAeAeeD23478c3a4b798e4ed40D8B7F41366Ae861,Ankr,ANKR,https://cdn.kleros.link/ipfs/QmZ3Eq8PAvLLg8iiLubshRiYFBAPzN2rWYg8TtvhGCd6pf/ankr-ankr-logo.png,,,,,,,,,,,,,,,,,,,,,,Ankr
0xDCbf4CB83d27C408B30dD7F39bfcabD7176B1Ba3,OpenOcean,OOE,https://cdn.kleros.link/ipfs/QmY4MiR2ZVMCpqSJ38pdTz7zondfhhLAgAMQAe8mxtmNTE/openocean-ooe-token-whiteround.png,,,,,,,,,,,,,,,,,,,,,,OpenOcean
0x93b346b6BC2548dA6A1E7d98E9a421B42541425b,Liquity USD,LUSD,https://cdn.kleros.link/ipfs/QmZkXtkrwYEfgG7YJMaMz7J98ta47La4KU9zey62WGWMuy/128-lusd-icon.png,,,,,,,,,,,,,,,,,,,,,,Liquity USD
0xE4D5c6aE46ADFAF04313081e8C0052A30b6Dd724,Pyth Network ,PYTH,https://cdn.kleros.link/ipfs/QmXerKMaPNaaePy25BSejEhyDnQv46A3NQia7GnU278ogL/pyth-logomark-dark.png,,,,,,,,,,,,,,,,,,,,,,Pyth Network 
0x921f99719Eb6C01b4B8f0BA7973A7C24891e740A,XCAD Network,XCAD,https://cdn.kleros.link/ipfs/QmfWz5R4Wyhx4caPSVof1A5J4eAFfU7HzjoXowwLULq2G3/xcad-logo.png,,,,,,,,,,,,,,,,,,,,,,XCAD Network
0x93ca0d85837FF83158Cd14D65B169CdB223b1921,Eclipse Fi,ECLIP,https://cdn.kleros.link/ipfs/QmYf5p6zbwA3riq6Gnm7ciJhvSQ9GsaVKCieu8uVJ2F8ke/eclip-token-logo.png,,,,,,,,,,,,,,,,,,,,,,Eclipse Fi
0xEe9801669C6138E84bD50dEB500827b776777d28,O3 Swap,O3,https://cdn.kleros.link/ipfs/QmdRFF2mBH2SRSBL7gkXPGLDyWdz9emvNtfJ8oG2rURRSp/2.png,,,,,,,,,,,,,,,,,,,,,,O3 Swap
0xa61F74247455A40b01b0559ff6274441FAfa22A3,Magpie,MGP,https://cdn.kleros.link/ipfs/QmTncxqjZowg8eQbPTPefwiRs7t6Vyzwzf5T6CYJkYLn5a/mgpnew.6b5f24bff63151771a34.png,,,,,,,,,,,,,,,,,,,,,,Magpie
0xe685d3CC0be48BD59082eDe30C3b64CbFc0326e2,Crucible Ferrum,cFRM,https://cdn.kleros.link/ipfs/QmXuVNTuNxtkm781TcKYpZWEZJDmwicW8brmBZUaQ8gJRL/Logo-Token-cFRM.png,,,,,,,,,,,,,,,,,,,,,,Crucible Ferrum
0xc11158c5da9db1d553ed28f0c2ba1cbedd42cfcb,PAW,wPAW,https://cdn.kleros.link/ipfs/QmWUHHBrCZ7ATDXSX6Y6d3T9TcoNJ6suWCFMu22FGoWzW7/400x400.png,,,,,,,,,,,,,,,,,,,,,,PAW
0x34229B3f16fBCDfA8d8d9d17C0852F9496f4C7BB,IPOR,IPOR,https://cdn.kleros.link/ipfs/QmfRyVoQrAnZtuHtTa3VULBLNaX4e7S3TAAwCnXHhRFkqC/88ed6302-85ec-46ae-aaa3-67f941606423.png,,,,,,,,,,,,,,,,,,,,,,IPOR
0x82e3A8F066a6989666b031d916c43672085b1582,yearn.finance,YFI,https://cdn.kleros.link/ipfs/QmbKg9KSoz8SmxutUueg7RwbbHbwbiATHSNzDFKefCEQsu/yearn-token-blue-rgb.png,,,,,,,,,,,,,,,,,,,,,,yearn.finance
0xB688BA096b7Bb75d7841e47163Cd12D18B36A5bF,mPendle,mPendle,https://cdn.kleros.link/ipfs/QmY4BQtyC88uXFQncQGuw4TEFgkKWp7HbXsBuHV2FV26Zu/mpendle.png,,,,,,,,,,,,,,,,,,,,,,mPendle
0x9DCE8e754913d928eB39Bc4fC3CF047e364f7f2C,Bloktopia,BLOK,https://cdn.kleros.link/ipfs/QmUE4m1eFetUx5bpHnqF3oRB2SHhyAXXHfzqthuYfiqkAQ/1-zr6kf-p5f892njd9vmsyxa.png,,,,,,,,,,,,,,,,,,,,,,Bloktopia
0x323665443CEf804A3b5206103304BD4872EA4253,Verified USD,USDV,https://cdn.kleros.link/ipfs/QmcNG13FzxUZLNxs6gjjQAwuVWfY3Aq2kMZquwCDwuBBTm/tokenicon-black.png,https://usdv.money/,,USDV Token Proxy,USDV Token Proxy,"Verified USD's 'Verified USD' (USDV) token proxy contract, an omnichain fungible token.",,,,,,,,,,,,,,,,,Verified USD: USDV Token Proxy
0xAf5db6E1CC585ca312E8c8F7c499033590cf5C98,Arken Finance,ARKEN,https://cdn.kleros.link/ipfs/QmeWgWkMsQKG95Te7PGShrqNhGeDdqEHN7YCYXDdfkVK76/arken-icon.png,,,,,,,,,,,,,,,,,,,,,,Arken Finance
0x3404149e9EE6f17Fb41DB1Ce593ee48FBDcD9506,Hydranet,HDN,https://cdn.kleros.link/ipfs/QmR4E48sq8zCdHHkU2F1dSkxvikhHeBviqc6cNWzvWnDnE/listing-logo-300x300-2.png,,,,,,,,,,,,,,,,,,,,,,Hydranet
0xaf88d065e77c8cC2239327C5EDb3A432268e5831,USD Coin,USDC,https://cdn.kleros.link/ipfs/QmUvdjABiNprdxTByF6m8gPNQNTVqPFf95wFRfxFdmg7PR/usd-coin-usdc-logo.png,https://www.circle.com/,,USDC Token,USDC Token,Circle's official USDC Token contract on Arbitrum One,,,,,,,,,,,,,,,,,Circle: USDC Token
0x82aF49447D8a07e3bd95BD0d56f35241523fBab1,Wrapped Ether,WETH,https://cdn.kleros.link/ipfs/QmaZBY1b2suN56JVFz7f6bJjf227rJsYDX9uhtgbBHq9Gx/wrapped-ether-2-.png,https://weth.io/,,WETH Token (v2),WETH Token (v2),wETH is wrapped ETH which conforms to the ERC20 standard,,,,,,,,,,,,,,,,,Wrapped Ether: WETH Token (v2)
0x431402e8b9dE9aa016C743880e04E517074D8cEC,Hegic,HEGIC,https://cdn.kleros.link/ipfs/QmXiGDCzo3rPNJ1Qx3wACEXVuFqnuieokehVknK4aVBPK8/hegic-27220.png,,,,,,,,,,,,,,,,,,,,,,Hegic
0x2Ac2B254Bc18cD4999f64773a966E4f4869c34Ee,Penpie,PNP,https://cdn.kleros.link/ipfs/QmVS6scENpto5VkS7Pg8coAaibH4DXHmJFJ7HdcBFHEScx/dsdsd.png,,,,,,,,,,,,,,,,,,,,,,Penpie
0x9E758B8a98a42d612b3D38B66a22074DC03D7370,Symbiosis,SIS,https://cdn.kleros.link/ipfs/QmV9tRSHgiMGUSDZuXtRWmFqvXEaoEtkNm5FYHZ97vc3Ut/symbiosis-token-1-.png,,,,,,,,,,,,,,,,,,,,,,Symbiosis
0x0341C0C0ec423328621788d4854119B97f44E391,Silo Finance,SILO,https://cdn.kleros.link/ipfs/QmPajQh35rmr5KHTmL5Tw2zDaSbStR97jjimNkVGkpCmpY/tokenassets-1-.png,,,,,,,,,,,,,,,,,,,,,,Silo Finance
0x5575552988A3A80504bBaeB1311674fCFd40aD4B,Sperax,SPA,https://cdn.kleros.link/ipfs/QmZuvBfFh2QTdhMKBQB6g62zDvyRAjhTMLRMnU3ex7Yhm9/1-d-fdknvqfo1tuyttfwvkta.png,,,,,,,,,,,,,,,,,,,,,,Sperax
0x9d2F299715D94d8A7E6F5eaa8E654E8c74a988A7,Frax Share,FXS,https://cdn.kleros.link/ipfs/QmUzitF9kDA2PcguGGA2ukUEgFsvrWdz9yUmHZkm43ca1y/frax-shares-icon.png,,,,,,,,,,,,,,,,,,,,,,Frax Share
0xfb9E5D956D889D91a82737B9bFCDaC1DCE3e1449,Liquity,LQTY,https://cdn.kleros.link/ipfs/QmU78y2FEVc7iVebXMY9pSnXDkN3AbmE8dY16Qz6Jj7AD1/logo-no-text.png,,,,,,,,,,,,,,,,,,,,,,Liquity
0x6985884C4392D348587B19cb9eAAf157F13271cd,LayerZero,ZRO,https://cdn.kleros.link/ipfs/QmZn7HGKkkMJnSRWPgL2T2u4FCv2ucKULjFmQUo8G7BqAQ/layerzero-emblem.png,https://layerzero.network/,,ZRO Token,ZRO Token,ZRO is the native asset of the LayerZero protocol,,,,,,,,,,,,,,,,,LayerZero: ZRO Token
0x3d9907F9a368ad0a51Be60f7Da3b97cf940982D8,Camelot,GRAIL,https://cdn.kleros.link/ipfs/QmPDEjSXZh2NVJ9tnzzW9nmfQ72SbDRTNBwt5XnciU84Gy/grail.png,https://camelot.exchange/,,GRAIL Token,GRAIL Token,Camelot Exchange's official GRAIL Token contract on Arbitrum One,,,,,,,,,,,,,,,,,Camelot Exchange: GRAIL Token
0x60D01EC2D5E98Ac51C8B4cF84DfCCE98D527c747,iZUMi,iZi,https://cdn.kleros.link/ipfs/QmTLf9Rk9wMb9CyebAhV8PXedw4Yfqk8BjFnNVMHArQfZZ/izumi-1-.png,,,,,,,,,,,,,,,,,,,,,,iZUMi
0x71eebA415A523F5C952Cc2f06361D5443545Ad28,XDAO,XDAO,https://cdn.kleros.link/ipfs/QmfEedVzZcDtmoXbgqoLUxQ83CBNhFPjJe7ZvzB6aa1wCz/token-logo.png,,,,,,,,,,,,,,,,,,,,,,XDAO
0x87AAfFdF26c6885f6010219208D5B161ec7609c0,Equation,EQU,https://cdn.kleros.link/ipfs/QmRQwJDw9Wq4EXy3CuqdtGdmzvcPAzmTetb9a9W3b5JXHX/equation-icon-on-black-circle.png,,,,,,,,,,,,,,,,,,,,,,Equation
0x4e352cF164E64ADCBad318C3a1e222E9EBa4Ce42,MUX Protocol,MCB,https://cdn.kleros.link/ipfs/QmZnGTrQLjfW9Cugte5hE4UPm5K66774SJjp8Mw4txE5Vq/105032874.png,,,,,,,,,,,,,,,,,,,,,,MUX Protocol
0x6694340fc020c5E6B96567843da2df01b2CE1eb6,Stargate Finance,STG,https://cdn.kleros.link/ipfs/QmXFJGZ7kH8HbJJDsW1iwTgFPJE5Vv9VXiXmmgFDsVbriC/0xaf5191b0de278c7286d6c7cc6ab6bb8a73ba2cd6.png,https://stargate.finance/,,STG Token,STG Token,Stargate Finance's official STG Token contract on Arbitrum One,,,,,,,,,,,,,,,,,Stargate Finance: STG Token
0x0c880f6761F1af8d9Aa9C466984b80DAb9a8c9e8,Pendle,PENDLE,https://cdn.kleros.link/ipfs/QmV7J8VHRTfpjJmNTTfd4FuXtMHAD4pth2FduixH81zPbA/pendle.png,https://www.pendle.finance/ ,,Pendle Token,Pendle Token,Pendle's Official Pendle Token contract on Arbitrum One,,,,,,,,,,,,,,,,,Pendle: Pendle Token
0xB64E280e9D1B5DbEc4AcceDb2257A87b400DB149,Level,LVL,https://cdn.kleros.link/ipfs/QmcETMj12GH4hUTkoxLchsUrzHaVYdNDGripWy5L9uGETR/lvl-256.png,https://level.finance/,,LVL Token,LVL Token,Level Finance's official LVL Token contract on Arbitrum One,,,,,,,,,,,,,,,,,Level Finance: LVL Token
0xbB85D38fAA5064FAB8bf3E0a79583a2670F03DbC,FantomStarter,FS,https://cdn.kleros.link/ipfs/QmRfANfZjWQpY1BFdrxrj9XxbzYzPnpTqYqvRkxa6Mq7Br/fantomstarterlogo.22fe27b8.png,,,,,,,,,,,,,,,,,,,,,,FantomStarter
0xFb930D1A28990820C98144201637C99beA8cB91c,Bumper,BUMP,https://cdn.kleros.link/ipfs/QmVfbB7p27B7aLkydJ7ZrX7ioTMUBpVL2nBqMc1TqpSVBc/bumper-icon.png,,,,,,,,,,,,,,,,,,,,,,Bumper
0x354A6dA3fcde098F8389cad84b0182725c6C91dE,Compound,COMP,https://cdn.kleros.link/ipfs/QmTKNvDWxxHyuKBhvaydmYk2XUFDvArxYTSQFHTc2vmpHn/compund-1-.png,,,,,,,,,,,,,,,,,,,,,,Compound
0xc87B37a581ec3257B734886d9d3a581F5A9d056c,Aethir,ATH,https://cdn.kleros.link/ipfs/QmQQdaWo7KsYB18WBBCVSQywc7oUWMz8z7FKq7digvXKq6/logogram-circle-dark-green-vb-green-23848fd7-4625-4ce4-91d4-295de393953a.png,,,,,,,,,,,,,,,,,,,,,,Aethir
0x95aB45875cFFdba1E5f451B950bC2E42c0053f39,Staked Frax Ether,sfrxETH,https://cdn.kleros.link/ipfs/QmcaxDdJLuVnwCBKRbmHEiEThQ2B7WAa41Dv93DygG99U2/sfrxeth-icon.png,,,,,,,,,,,,,,,,,,,,,,Staked Frax Ether
0x2b1D36f5B61AdDAf7DA7ebbd11B35FD8cfb0DE31,Interport,ITP,https://cdn.kleros.link/ipfs/QmWmH7PoVc2DnWbYV1c9KvEgpQDAZCCBfBE3f5juJzpUWf/22877.png,,,,,,,,,,,,,,,,,,,,,,Interport
0xabD587f2607542723b17f14d00d99b987C29b074,SmarDex,SDEX,https://cdn.kleros.link/ipfs/QmPx27FXgND4EU4S8zF5Gc2Gp5VfxFcZr5HfSuQkt5FySK/smardex-logo-emblem-green-1-.png,,,,,,,,,,,,,,,,,,,,,,SmarDex
0xddBfBd5dc3BA0FeB96Cb513B689966b2176d4c09,SteakHut Finance,STEAK,https://cdn.kleros.link/ipfs/QmRdNgjKN36UwQzVVYpndxQVr8Lgh5WJ2abb6sRQVQNSaf/image-9-.png,,,,,,,,,,,,,,,,,,,,,,SteakHut Finance
0x9ed7E4B1BFF939ad473dA5E7a218C771D1569456,Reunit Wallet,REUNI,https://cdn.kleros.link/ipfs/QmQekWNthtedBWmV26cTWXgVrdbDgivFyyK2V3AiJsEYwB/logo256.png,,,,,,,,,,,,,,,,,,,,,,Reunit Wallet
0x2598c30330D5771AE9F983979209486aE26dE875,Any Inu,AI,https://cdn.kleros.link/ipfs/QmZnnUHY3doXQiNiwCBAHUem1VA71Q8pjTaduxBohJa8BA/28916.png,,,,,,,,,,,,,,,,,,,,,,Any Inu
0x040d1EdC9569d4Bab2D15287Dc5A4F10F56a56B8,Balancer,BAL,https://cdn.kleros.link/ipfs/Qmdfg7r7ttuZEpnsHRNkBNyuVjWodRPGvUVoQn9ZcUcBUL/logo-balancer-black-2-.png,,,,,,,,,,,,,,,,,,,,,,Balancer
0x74ccbe53F77b08632ce0CB91D3A545bF6B8E0979,fBomb,fBOMB,https://cdn.kleros.link/ipfs/QmeuQqA7kdDSnRzzSTuHjMH7QUZB6cEsPfYoATG1ppXXxg/86392283.png,,,,,,,,,,,,,,,,,,,,,,fBomb
0x894134a25a5faC1c2C26F1d8fBf05111a3CB9487,Gravita Protocol,GRAI,https://cdn.kleros.link/ipfs/QmZtdFtPsG3uwJWD3SXksw6A8Za9H6vE9ivBdMftRLAYAP/image-1-.png,https://www.gravitaprotocol.com/,,GRAI Token,GRAI Token,Gravita Protocolâ€Š's official GRAI Token contract on Arbitrum One,,,,,,,,,,,,,,,,,Gravita Protocol: GRAI Token
0xf18C263EC50CC211EF3F172228549B6618F10613,Collab.Land,COLLAB,https://cdn.kleros.link/ipfs/QmX72ybnPqxxrNrFBt7GmYyNqU6UdA2dg7pCpBzg8UVWi4/collab.png,,,,,,,,,,,,,,,,,,,,,,Collab.Land
0xfea7a6a0b346362bf88a9e4a88416b77a57d6c2a,Magic Internet Money,MIM,https://cdn.kleros.link/ipfs/QmeSCbg3HJuHDmutg1gC9ibSDpCRMYxiSoQDYS6b5gaJov/mim-logo-png.png,,,,,,,,,,,,,,,,,,,,,,Magic Internet Money
0x6c84a8f1c29108F47a79964b5Fe888D4f4D0dE40,tBTC,tBTC,https://cdn.kleros.link/ipfs/QmWR4ramju1TM9TVMTcmTarfHx8L6vqQw9M6ty4dWRSz1d/coinmark.png,,,,,,,,,,,,,,,,,,,,,,tBTC
0xA3d1a8DEB97B111454B294E2324EfAD13a9d8396,Overnight,OVN,https://cdn.kleros.link/ipfs/QmVBKBdvX3ga5aYbVXRJVm7L8i4SfS4BpZjB7h2NqMaFF3/ovn-logo-dark-bg.png,,,,,,,,,,,,,,,,,,,,,,Overnight
0x3CAaE25Ee616f2C8E13C74dA0813402eae3F496b,Camelot escrowed,xGRAIL,https://cdn.kleros.link/ipfs/QmPLDCv6G3bV7nUJN8g6YkxcVtMkaCJeJ11RmJzUcNWWKP/xgrail.png,https://camelot.exchange/,,xGRAIL Token,xGRAIL Token,Camelot's official xGRAIL Token contract on Arbitrum One,,,,,,,,,,,,,,,,,Camelot: xGRAIL Token
0xdA661fa59320B808c5a6d23579fCfEdf1FD3cf36,MOBOX,MBOX,https://cdn.kleros.link/ipfs/QmWEEmeyymyXhGoumfXCE4y7CMr12aGHrNoi6XqykEQg7e/mbox.870623db.png,,,,,,,,,,,,,,,,,,,,,,MOBOX
0xe934ab7e98d81e39477b1e47b961876c2d902598,Nola,NOLA,https://cdn.kleros.link/ipfs/QmevcCPEs7p57SpGGk9E3p2vPLnfHdN6kBrv5xRPYzfPd8/nola.png,,,,,,,,,,,,,,,,,,,,,,Nola
0xa684cd057951541187f288294a1e1C2646aA2d24,Vesta Finance,VSTA,https://cdn.kleros.link/ipfs/QmUX15zp2T8pqXPdXM1iKRz6XSMzum5CQJ5t5fMnHnk2su/70727054.png,,,,,,,,,,,,,,,,,,,,,,Vesta Finance
0xbFd5206962267c7b4b4A8B3D76AC2E1b2A5c4d5e,Osaka Protocol,OSAK,https://cdn.kleros.link/ipfs/QmU3XdoFqeuQbzJ7YGLudDLPp6ZyTPehAivd6CTR6N4yfo/footer-logo-b45280ab.png,,,,,,,,,,,,,,,,,,,,,,Osaka Protocol
0x27f485b62C4A7E635F561A87560Adf5090239E93,DFX Finance,DFX,https://cdn.kleros.link/ipfs/QmSogrzMCHrPn7NUeYJXwRW7GAHEXyJD4X2eTZQkrPgqq9/dfx-final-logo-solo-.png,,,,,,,,,,,,,,,,,,,,,,DFX Finance
0x539bdE0d7Dbd336b79148AA742883198BBF60342,MAGIC,MAGIC,https://cdn.kleros.link/ipfs/QmbTJG7FCKWPKpV2YAsyF7mywyy2QKzahkF1V88y68g6vU/treasure-logomark-aw.png,https://treasure.lol/,,MAGIC Token,MAGIC Token,Treasure DAO's MAGIC token contract on Arbitrum One,,,,,,,,,,,,,,,,,Treasure DAO: MAGIC Token
0x3b475f6f2f41853706afc9fa6a6b8c5df1a2724c,Zyberswap,ZYB,https://cdn.kleros.link/ipfs/QmYfTNX4a1dcPr832YFi8ftQLSNC5eUfbsRJqvMpvsXYQx/zyber.png,,,,,,,,,,,,,,,,,,,,,,Zyberswap
0x57f12FE6A4e5fe819eec699FAdf9Db2D06606bB4,Neptune Mutual,NPM,https://cdn.kleros.link/ipfs/QmUk5Zqx2vXR8dyQhcC3NHndZj82h6H4udE3iaWUM6FYYt/neptune-mutual-logo-icon-regular-128.png,,,,,,,,,,,,,,,,,,,,,,Neptune Mutual
0x09199d9A5F4448D0848e4395D065e1ad9c4a1F74,Bonk,BONK,https://cdn.kleros.link/ipfs/QmXUeizWwYDpHZT4zLNcTSwTGbBG6Ggvm8ua4wmkBtrhxi/bonkog-800.18d79e1cea6b283f2ee7.png,,,,,,,,,,,,,,,,,,,,,,Bonk
0xd4d42F0b6DEF4CE0383636770eF773390d85c61A,Sushi,SUSHI,https://cdn.kleros.link/ipfs/QmP5m5ih5R2iruuGHeEQBGahSAfwD5RnAKv9Df86tyzuS5/logo-512x512.png,,,,,,,,,,,,,,,,,,,,,,Sushi
0x13aABC0a9A5d6865dA8fD0296080E172CF8BB958,Firebird Aggregator,FBA,https://cdn.kleros.link/ipfs/QmWb7dq8Ws3JkYc23MfBsy9fsDqvSL5yqsu2fDMQTL9atE/image.png,,,,,,,,,,,,,,,,,,,,,,Firebird Aggregator
0x3E6648C5a70A150A88bCE65F4aD4d506Fe15d2AF,Spell,SPELL,https://cdn.kleros.link/ipfs/QmPn2nywmTx1fJ7ScnPp8wvrEDvDJRXkjJRDvswTHwgmwm/spell-logo.png,,,,,,,,,,,,,,,,,,,,,,Spell
0x0c5fa0E07949F941A6c2C29a008252db1527d6EE,Opulous,OPUL,https://cdn.kleros.link/ipfs/QmSCpK36bdaw3brqqRWgfrv3n1HQcHT6W4Zra67FkEz3He/opulous-logo.png,,,,,,,,,,,,,,,,,,,,,,Opulous
0x23ee2343B892b1BB63503a4FAbc840E0e2C6810f,Axelar,AXL,https://cdn.kleros.link/ipfs/QmXPKQjeenAs8gnBvedL61BinwooRJXAzsocjoA8VHMpca/axelar-logo-symbol-black.png,,,,,,,,,,,,,,,,,,,,,,Axelar
0x509FD25EE2AC7833a017f17Ee8A6Fb4aAf947876,Magpie WOM,mWOM,https://cdn.kleros.link/ipfs/QmQw7Mu1b8nK1ssKim3ypCx2kFWwnZeDcRqoB5Z32YCAHz/mwom-logo.png,,,,,,,,,,,,,,,,,,,,,,Magpie WOM
0x3269a3c00ab86c753856fd135d97b87facb0d848,Florence Finance Medici,FFM,https://cdn.kleros.link/ipfs/QmaLRcsPeKgBBxrf8R9AiPYr3bvjtmaLiZvFjcoUdvCHGq/light.png,,,,,,,,,,,,,,,,,,,,,,Florence Finance Medici
0x2c852D3334188BE136bFC540EF2bB8C37b590BAD,MagicLand,MAGIC,https://cdn.kleros.link/ipfs/Qmc5Mhxt3uBbWgA7fAVq67x2X6oLsKTKG4Qu6y2Nxe9Xe7/9.png,,,,,,,,,,,,,,,,,,,,,,MagicLand
0x912CE59144191C1204E64559FE8253a0e49E6548,Arbitrum,ARB,https://cdn.kleros.link/ipfs/QmaaztTXu26RUV1LpF9y6G57967q8wvdy1ffzA545GDc46/arb.png,https://arbitrum.foundation/,,ARB Token,ARB Token,Arbitrum's official ARB Token contract on Arbitrum One,,,,,,,,,,,,,,,,,Arbitrum: ARB Token
0xFa7F8980b0f1E64A2062791cc3b0871572f1F7f0,Uniswap,UNI,https://cdn.kleros.link/ipfs/QmPVxaMwJbJfCFfks1z1qoSXNibt27TdN68D4YX97P6FDb/uniswappp.png,https://uniswap.org/,,UNI Token,UNI Token,Uniswap's official UNI Token contract on Arbitrum One,,,,,,,,,,,,,,,,,Uniswap Protocol: UNI Token
0xa0b862F60edEf4452F25B4160F177db44DeB6Cf1,Gnosis,GNO,https://cdn.kleros.link/ipfs/QmQPCz8yNTfXqibcNMF4xoxkxQDY2n8FhbLHDhyAuqaedw/gno.png,,,,,,,,,,,,,,,,,,,,,,Gnosis
0x54BDBF3cE36f451Ec61493236b8E6213ac87c0f6,Radpie,RDP,https://cdn.kleros.link/ipfs/QmZGDNwJvGytFan4NxpqxxXA6XWqFiNgvE1PvfdFmYZmGi/rdntnew.e5d56c8baa7c2d5f3c3e.png,,,,,,,,,,,,,,,,,,,,,,Radpie
0xA6D7D0e650aa40FFa42d845A354c12c2bc0aB15f,Mummy Finance,MMY,https://cdn.kleros.link/ipfs/QmSKW7WEnhgGMqaSgiXbiZzE6iiduVFGakumY7jRc1PWnT/mmy.png,,,,,,,,,,,,,,,,,,,,,,Mummy Finance
0xcAFcD85D8ca7Ad1e1C6F82F651fA15E33AEfD07b,WOO Network,WOO,https://cdn.kleros.link/ipfs/QmXYuPwwoHKwBoyGy5xfdNr3nLFbHhkXxYKpwcRPoD9Mon/woo-icon-r.png,,,,,,,,,,,,,,,,,,,,,,WOO Network
0xB59c8912c83157a955f9D715E556257F432C35D7,Truflation,TRUF,https://cdn.kleros.link/ipfs/QmVzjXXxB3HsDPf1VARcjFSZ3jRq7SycQWMjXdZka7TbPT/truf-token.png,,,,,,,,,,,,,,,,,,,,,,Truflation
0x4D15a3A2286D883AF0AA1B3f21367843FAc63E07,TrueUSD,TUSD,https://cdn.kleros.link/ipfs/QmNmW482Nb7FKh7FLnp6Hw3rhTMKj7qhtio7d3PLk4rAba/tusd-logo-1-.png,,,,,,,,,,,,,,,,,,,,,,TrueUSD
0x1b896893dfc86bb67Cf57767298b9073D2c1bA2c,PancakeSwap,CAKE,https://cdn.kleros.link/ipfs/QmVWsFdXqRhwdNmnMtcke4UEoKwThnGMvPKbDq8gcfxtut/icon-round-512.png,,,,,,,,,,,,,,,,,,,,,,PancakeSwap
0xfc5A1A6EB076a2C7aD06eD22C90d7E710E35ad0a,GMX,GMX,https://cdn.kleros.link/ipfs/QmaEXtBBaeJMTMPaYosVAei2x2XmUW18bkBhat5wagRxqi/gmx-logo-only.png,https://gmx.io/,,GMX Token,GMX Token,GMX's official GMX Token contract on Arbitrum One,,,,,,,,,,,,,,,,,GMX: GMX Token
0x3082CC23568eA640225c2467653dB90e9250AaA0,Radiant,RDNT,https://cdn.kleros.link/ipfs/QmXP5WjLpuusrGbvpye7E4QMSHxAkY6GaDG4YjPvQdvyLY/radiant-token-color-v2.png,https://radiant.capital/,,RDNT Token,RDNT Token,Radiant v2's official RDNT Token contract on Arbitrum One,,,,,,,,,,,,,,,,,Radiant v2: RDNT Token
0xE85B662Fe97e8562f4099d8A1d5A92D4B453bF30,Thales,THALES,https://cdn.kleros.link/ipfs/QmWADSgBuUAvTET7nDMdqye8oRLdQ4G7bztQikeiPUCSDn/02-thalessymbol-alttransparent.png,,,,,,,,,,,,,,,,,,,,,,Thales
0x3F56e0c36d275367b8C502090EDF38289b3dEa0d,MAI,MAI,https://cdn.kleros.link/ipfs/QmS8hKqFJzdDh1ZLz3Dg9mRjwhppRPDedmYgpWv5EWjR83/mimatic-red-acf888b4.png,,,,,,,,,,,,,,,,,,,,,,MAI
0x9623063377AD1B27544C965cCd7342f7EA7e88C7,The Graph,GRT,https://cdn.kleros.link/ipfs/QmY8dnEXNGBhRjw6xfsMdUgC5VvZbzVANDnxt2WK1WZUgt/the-graph-grt-symbol-colorhi-res.png,https://thegraph.com/,,GRT Token,GRT Token,The Graph's Official GRT Token contract on Arbitrum One,,,,,,,,,,,,,,,,,The Graph: GRT Token
0x289ba1701C2F088cf0faf8B3705246331cB8A839,Livepeer,LPT,https://cdn.kleros.link/ipfs/QmWeXsLywLcMmBWenJf2eKikDJNGmL7AZVaY75n3q7AB2q/256x256-badge-black.png,,,,,,,,,,,,,,,,,,,,,,Livepeer
0x17FC002b466eEc40DaE837Fc4bE5c67993ddBd6F,Frax,FRAX,https://cdn.kleros.link/ipfs/Qmc7Ac6chNzQGQ24sAcvh9qD3CvJhWHuHcsz8EmXPGQSvx/frax-icon.png,https://frax.finance/,,FRAX Token,FRAX Token,Contract of Frax Finance's FRAX Token on Arbitrum,,,,,,,,,,,,,,,,,Frax Finance: FRAX Token
0x894A3abB764A0EF5Da69C62336aC3c15B88bf106,Chunks,CHUNKS,https://cdn.kleros.link/ipfs/QmbdeNtPpz4Hwm1A4My5oreuk6h8pP6u5n7pVU7PQfHz11/chunks-logo.png,,,,,,,,,,,,,,,,,,,,,,Chunks
0x371c7ec6D8039ff7933a2AA28EB827Ffe1F52f07,JOE,JOE,https://cdn.kleros.link/ipfs/Qme1dXzMh9AT5sSFwGF2befZAHmx7jYy8fghjUsi4ULL4K/82165905.png,https://traderjoexyz.com/,,JOE Token,JOE Token,Trader Joe's official JOE Token contract on Arbitrum One,,,,,,,,,,,,,,,,,Trader Joe: JOE Token
0xE22c452bd2AdE15DfC8ad98286bc6bDF0c9219b7,Polytrade,TRADE,https://cdn.kleros.link/ipfs/Qmbh8i6oNDKgjkWZihYVYmJh4x4WCd4VNmhYfDWq9SMzKN/83728307.png,,,,,,,,,,,,,,,,,,,,,,Polytrade
0xdA0a57B710768ae17941a9Fa33f8B720c8bD9ddD,Marlin,POND,https://cdn.kleros.link/ipfs/QmWW51dz99FDAcfqzfLN8KnCrnFcZJMDURgbCrgdVwteis/pond-logotype.png,,,,,,,,,,,,,,,,,,,,,,Marlin
0x2f2a2543B76A4166549F7aaB2e75Bef0aefC5B0f,Wrapped Bitcoin,WBTC,https://cdn.kleros.link/ipfs/QmRAuF6YXri9MfmypasoSyUutDVLZK2d1HqbLgqnDe7JWP/WBTC_Official_Source.png,https://wbtc.network/,,WBTC Token,WBTC Token,A wrapped version of bitcoin on Arbitrum One,,,,,,,,,,,,,,,,,Wrapped BTC: WBTC Token
0x69Eb4FA4a2fbd498C257C57Ea8b7655a2559A581,DODO,DODO,https://cdn.kleros.link/ipfs/QmQdmDW2eMqYfZkSLYTZLgNmRSNW4FYY42kcP4dZBB19z3/dodo-logo3.png,,,,,,,,,,,,,,,,,,,,,,DODO
0x6609BE1547166D1C4605F3A243FDCFf467e600C3,Neutra Finance,NEU,https://cdn.kleros.link/ipfs/QmZziaTKsUK1eCz6C4qJqeTaG6ucnxkwwdrbc7pqcnm8GZ/symbol-brandcolor-.png,,,,,,,,,,,,,,,,,,,,,,Neutra Finance
0x13Ad51ed4F1B7e9Dc168d8a00cB3f4dDD85EfA60,Lido DAO,LDO,https://cdn.kleros.link/ipfs/QmTeAqtuWTsqfQXy18TuxwNFzrcm6BNvATNfU9C4jBdLtF/ldo2.png,,,,,,,,,,,,,,,,,,,,,,Lido DAO
0xB1bC21f748AE2bE95674876710bc6D78235480e0,Hord,HORD,https://cdn.kleros.link/ipfs/QmeHGrvYmnq1TeqwhzTFE8xZCUzTtKwUJEooTMfvXbAZHN/64eddb935cc39e56b0358bf9-hord-token.png,,,,,,,,,,,,,,,,,,,,,,Hord
0x13278cD824D33A7aDB9f0a9A84ACA7C0D2DEEBf7,Tarot,TAROT,https://cdn.kleros.link/ipfs/QmazbdxPkiFrztPbQ56g8jLMr8Zc6Y4fwNUNAr8iw7rnz4/84785602.png,https://tarot.to/,,TAROT Token (v2),TAROT Token (v2),Tarot Finance's official v2 TAROT Token contract on Arbitrum One,,,,,,,,,,,,,,,,,Tarot Finance: TAROT Token (v2)
0x51318B7D00db7ACc4026C88c3952B66278B6A67F,PlutusDAO,PLS,https://cdn.kleros.link/ipfs/QmdCSWjiMmyXpXRfeG79b7v2YNkZuKEUZXvvA2bnUDfqb2/pls-icon-round.png,,,,,,,,,,,,,,,,,,,,,,PlutusDAO
0x180F7cF38805d1be95C7632F653E26B0838e2969,XDEFI,XDEFI,https://cdn.kleros.link/ipfs/QmNPMQ3RptSbJQSMGGRESyfyTzdAVGUU1C2HaBWjiQJecy/circle.png,,,,,,,,,,,,,,,,,,,,,,XDEFI
0xa68Ec98D7ca870cF1Dd0b00EBbb7c4bF60A8e74d,Biconomy,BICO,https://cdn.kleros.link/ipfs/QmTUQBqYKmMpAUtyy1jNUdNbqsQczr5xKznUzoqSBsrRD9/biconomy-logo-01.png,,,,,,,,,,,,,,,,,,,,,,Biconomy
0x11cDb42B0EB46D95f990BeDD4695A6e3fA034978,Curve DAO,CRV,https://cdn.kleros.link/ipfs/QmTQ24dib5J7QfrkHSBwHqda2FWwNiGQr6tMx6MLUcFa6w/curve-dao-token-crv-logo.png,,,,,,,,,,,,,,,,,,,,,,Curve DAO
0x876Ec6bE52486Eeec06bc06434f3E629D695c6bA,FluidFi,FLUID,https://cdn.kleros.link/ipfs/QmWNPRdP9XJ2QLJi5esiZLv8XaN8MF1XYoWMWA58WrcRqV/unnamed.png,,,,,,,,,,,,,,,,,,,,,,FluidFi
0xe05A08226c49b636ACf99c40Da8DC6aF83CE5bB3,Ankr Staked ETH,ankrETH,https://cdn.kleros.link/ipfs/QmQBHyRYLUazEUQFFxuuiEhSt95xiLfykM9Mjupw2Y2KkU/ethereum-ankreth-logo.png,,,,,,,,,,,,,,,,,,,,,,Ankr Staked ETH
0xec70dcb4a1efa46b8f2d97c310c9c4790ba5ffa8,Rocket Pool ETH,rETH,https://cdn.kleros.link/ipfs/Qmby93UraKntPB8KFc2CkZyMisebXSugyP5huBG9P9bv42/1-49-zif4ymlxb46cum7z-7g.png,https://rocketpool.net/,,rETH Token,rETH Token,Rocket Pool's rETH token contract in Arbitrum One,,,,,,,,,,,,,,,,,Rocket Pool: rETH Token
0xc5102fE9359FD9a28f877a67E36B0F050d81a3CC,Hop Protocol,HOP,https://cdn.kleros.link/ipfs/QmYS439yx52iYNn9YSLegPipMmk7FBUAPN57FXmyu43PS5/hoplogo.png,,,,,,,,,,,,,,,,,,,,,,Hop Protocol
0x6C2C06790b3E3E3c38e12Ee22F8183b37a13EE55,Dopex,DPX,https://cdn.kleros.link/ipfs/Qmc1QLSrYzTPgS4xd1ysr3NTVHcUWZA8rcjpHG7fzEGRn2/copy-of-dpx-256x256.png,https://www.dopex.io/,,DPX Token,DPX Token,Dopex's official DPX Token contract on Arbitrum One,,,,,,,,,,,,,,,,,Dopex: DPX Token
0x20547341E58fB558637FA15379C92e11F7b7F710,Mozaic,MOZ,https://cdn.kleros.link/ipfs/QmTNFWz3xGBnGik5atnEwePThZJV1gFX9bMHyXqrvK6du5/spaces-miihhdzytnvgu8rj3vi-uploads-kenholmnp4wol08expay-logo-blacklarge.png,,,,,,,,,,,,,,,,,,,,,,Mozaic
0x53691596d1BCe8CEa565b84d4915e69e03d9C99d,Across Protocol,ACX,https://cdn.kleros.link/ipfs/QmRx7FLCx2MkgPLtrZD2dHFr7bZsPsQqgeLz2DbDV97iX9/across-protocol.png,,,,,,,,,,,,,,,,,,,,,,Across Protocol
0x3A18dcC9745eDcD1Ef33ecB93b0b6eBA5671e7Ca,Kujira,KUJI,https://cdn.kleros.link/ipfs/QmfSvdodTSFAckwQYSCVsDSCmz36D8Wg2hfsqJva68w9xw/kuji.png,,,,,,,,,,,,,,,,,,,,,,Kujira
0xA58663FAEF461761e44066ea26c1FCddF2927B80,Kommunitas,KOM,https://cdn.kleros.link/ipfs/QmVA7aWdnQJkKJG6zvB5f5PE6gHzUNN6j2ZUBWyz5nY6Gb/kommunitas-256x256.png,,,,,,,,,,,,,,,,,,,,,,Kommunitas
0x153516904bc7E28aE7C526E8aEe4EC5EaE878eDB,PLEXUS,PLX,https://cdn.kleros.link/ipfs/QmUcESdYRye55MiRo9HAgmtsgGEPsfLGwKgQg5MjjK75wR/token-symbol-main.png,,,,,,,,,,,,,,,,,,,,,,PLEXUS
0x1A5B0aaF478bf1FDA7b934c76E7692D722982a6D,Buffer Finance,BFR,https://cdn.kleros.link/ipfs/QmbTBMqJERRQiTYuffJRz8LnJQzvLChkbdyDtE6rYEyemS/bfr.png,,,,,,,,,,,,,,,,,,,,,,Buffer Finance
0xDA10009cBd5D07dd0CeCc66161FC93D7c9000da1,Dai,DAI,https://cdn.kleros.link/ipfs/QmSWYSnWmjAVcsfsWjajAFjx36TNkRJWGEvzR6kYPJ75Fa/arbdai.png,https://makerdao.com/,,DAI Stablecoin,DAI Stablecoin,MakerDAO's official DAI Token contract on Arbitrum One,,,,,,,,,,,,,,,,,MakerDAO: DAI Stablecoin
0x330bd769382cfc6d50175903434ccc8d206dcae5,Pinakion,PNK,https://cdn.kleros.link/ipfs/QmStzoYeV9nfJSms47TLo9f5t1fVrxjvvRf9GspCduXhE4/kleros-symbol.png,https://kleros.io,,PNK Token,PNK Token,Kleros PNK Token bridged to Arbitrum,,,,,,,,,,,,,,,,,Kleros: PNK Token
0xaf20f5f19698f1D19351028cd7103B63D30DE7d7,Wagmi,WAGMI,https://cdn.kleros.link/ipfs/QmVTEGMRZP4mZSFV4GgrnbrqjvpfWfniybjf8TWcEEd3TX/logo.png,,,,,,,,,,,,,,,,,,,,,,Wagmi
0x178412e79c25968a32e89b11f63B33F733770c2A,Frax Ether,frxETH,https://cdn.kleros.link/ipfs/QmcgqSpyBTtna5nXUc5jtgPxPj59XaUBSAxECyvkQvDtSZ/frxeth-icon.png,,,,,,,,,,,,,,,,,,,,,,Frax Ether
0xDb298285FE4C5410B05390cA80e8Fbe9DE1F259B,handleFOREX,FOREX,https://cdn.kleros.link/ipfs/QmWHB3a5ye4FJbpv3ZmWsE9KRUCDU3vxwDnkYZuY7B6XgK/handle.fiforexlogodark200x200.png,,,,,,,,,,,,,,,,,,,,,,handleFOREX
0x18c11FD286C5EC11c3b683Caa813B77f5163A122,Gains Network,GNS,https://cdn.kleros.link/ipfs/QmR84ACgtY9zcGKWcHSLDH7XvLJBKsDeixanghDGpcFT6i/gains.png,https://gainsnetwork.io/,,GNS Token,GNS Token,Gains Network's official GNS Token contract on Arbitrum One,,,,,,,,,,,,,,,,,Gains Network: GNS Token
0x80bB30D62a16e1F2084dEAE84dc293531c3AC3A1,Granary,GRAIN,https://cdn.kleros.link/ipfs/QmQWqeuZLcKaBeCA5NPaJ2w2RGnRt4SGZPmo9RChXqd5Ct/1_jP5InFSKhpPK0UEW3TDkug.png,,,,,,,,,,,,,,,,,,,,,,Granary
0xf97f4df75117a78c1A5a0DBb814Af92458539FB4,Chainlink,LINK,https://cdn.kleros.link/ipfs/QmXNGHzL2rhUqwYSDek2HnrtyEtHQu8hEBkAtbj9NYyCH9/chainlink-gno.png,https://chain.link/,,LINK Token,LINK Token,Chainlink's official LINK Token contract on Arbitrum One,,,,,,,,,,,,,,,,,Chainlink: LINK Token
0x3a8B787f78D775AECFEEa15706D4221B40F345AB,Celer Network,CELR,https://cdn.kleros.link/ipfs/QmPLWGv8uX74MeZfkUczFy576C5r3c5MbZSE5qJtcze2wg/black-1-.png,,,,,,,,,,,,,,,,,,,,,,Celer Network
0x51fC0f6660482Ea73330E414eFd7808811a57Fa2,Premia,PREMIA,https://cdn.kleros.link/ipfs/QmX6VYgimxXNzSvP6xbKYCqACoaCGa9oFmT8jfJTniEsCQ/93104683.png,,,,,,,,,,,,,,,,,,,,,,Premia
0x9f6AbbF0Ba6B5bfa27f4deb6597CC6Ec20573FDA,Ferrum Network,FRM,https://cdn.kleros.link/ipfs/QmRwPhWZs8B8FZukQGjumWhEzZ15qF2PF6g54AMhF7CBQ5/Logo-Token-FRM.png,,,,,,,,,,,,,,,,,,,,,,Ferrum Network
